{
  "0": {
    "precision": 0.8611111111111112,
    "recall": 0.8611111111111112,
    "f1-score": 0.8611111111111112,
    "support": 36.0
  },
  "1": {
    "precision": 0.7916666666666666,
    "recall": 0.7916666666666666,
    "f1-score": 0.7916666666666666,
    "support": 24.0
  },
  "accuracy": 0.8333333333333334,
  "macro avg": {
    "precision": 0.8263888888888888,
    "recall": 0.8263888888888888,
    "f1-score": 0.8263888888888888,
    "support": 60.0
  },
  "weighted avg": {
    "precision": 0.8333333333333334,
    "recall": 0.8333333333333334,
    "f1-score": 0.8333333333333334,
    "support": 60.0
  },
  "confusion_matrix": [
    [
      31,
      5
    ],
    [
      5,
      19
    ]
  ]
}